id,user_id,title,content,type,read,created_at,updated_at
44b0fa66-fffc-485e-b419-1cac2260c1eb,user-41,Amet minima ducimus perspiciatis.,"Himself wide have address write mother trade. Include write beyond these safe modern take.
Old apply capital. Thus he election room dinner manager. Listen girl week culture entire.",Association Request,False,2024-10-08T11:39:26.821302,2025-01-11T21:38:14.580959
0605489c-9fbb-4dbc-801a-035b2c32ae62,user-48,Debitis libero voluptas nobis sed nostrum.,"Space church agreement send fund book. Scene together wonder leg hold again experience. Room important like door.
Large amount behind can art worker position. Team away collection.",Association Request,True,2025-09-04T12:43:47.388052,2024-11-19T17:27:44.484995
d7847b61-5e90-4f7d-a6f2-f8d30da70889,user-13,With at with side test themselves.,Natus esse iste ipsum odit. Eligendi repudiandae numquam voluptatem aspernatur natus. Sunt enim aspernatur voluptates quaerat maiores.,System,False,2024-10-16T19:58:41.563094,2024-12-07T11:34:18.249966
4122599c-a17b-4d44-8f57-d94475b586c3,user-52,There they parent field his base.,Notice debate since reduce matter sister water. Range the smile view level. Partner character sign.,Association Request,True,2025-09-20T17:43:43.725833,2025-06-06T18:31:41.707592
5e5e1dd8-0cd2-41a7-ac1c-c17de9a9dab5,user-52,Benefit car so.,"Facere ratione ea esse.
Odit quod quas esse error. Placeat eaque voluptas quaerat.",Association Request,False,2025-04-22T18:34:56.292061,2025-09-21T22:41:02.431609
f147315a-ac5d-477d-83ae-490baa028945,user-85,College eye economy develop.,Bring art poor law part. Stock would administration evening information data than. Difference available young make meeting talk ability.,Association Request,False,2025-01-28T15:21:54.828747,2025-04-24T14:15:49.767816
56b9378d-903c-4bce-a9f2-7f6b4324ca27,user-98,Asperiores voluptatibus perferendis optio.,Necessitatibus iste repellendus excepturi vel quis aspernatur. Excepturi impedit blanditiis et hic. Inventore illum sed culpa.,Association Request,True,2025-03-24T18:25:38.244505,2025-05-04T23:24:18.233965
81ef6b63-788c-40a4-90eb-935a70d439c1,user-99,Sapiente eum consectetur.,Distinctio labore dolorum blanditiis repudiandae fugiat odio. Ipsum minima saepe enim beatae. Velit adipisci tempore neque voluptatem mollitia placeat.,System,False,2025-05-24T04:35:51.401654,2024-10-02T22:11:15.258023
83227a1e-80dc-43b2-ab15-7f2ae83072b6,user-1,Natus maxime maiores.,"Assumenda hic explicabo ipsum tempora eveniet vitae. Repudiandae ut culpa dolore explicabo magni.
Est ad neque.",System,False,2024-11-13T11:02:35.299858,2025-09-14T22:33:13.925832
45cf6925-32d9-4160-ba2d-60fcc45895cc,user-71,Consequuntur quasi ipsum consectetur odit.,Million market consider dream. Note evening thing life control difference cup. Nothing safe down fill five accept example.,Association Request,True,2025-01-03T16:07:59.597893,2025-05-12T07:14:44.032916
25a6b264-61a8-4f9e-aa09-f765903c75ec,user-69,Wonder phone expect source kitchen foreign.,Quibusdam neque deserunt voluptate. Odio nemo fuga est placeat. Ratione sunt tempora laboriosam cumque aliquam. Ipsum assumenda quos officiis officiis accusantium.,System,True,2025-09-19T05:20:35.505807,2025-01-13T16:58:07.514457
01e01a3e-f46d-4088-a29b-982b1436ddf9,user-78,Like big above.,"Fugiat nisi praesentium. Odit voluptatum minus.
Suscipit sit velit voluptatum. Debitis facere assumenda quo vitae asperiores minus.",Association Request,True,2024-10-27T11:22:54.826634,2025-02-18T16:44:40.393872
e20328f9-68de-412e-8da3-49c190abef13,user-52,Provident a numquam eligendi.,"Libero fugit odit sed necessitatibus ut reiciendis exercitationem.
Deserunt consequatur eveniet occaecati asperiores quia atque ex. Magni culpa vitae voluptatum quae necessitatibus.",Association Request,False,2025-02-22T21:39:06.205569,2024-12-27T14:32:44.492132
5739bdad-2fbe-4ede-b756-b133b358a246,user-43,Necessitatibus odio cum.,Garden country song no glass. Political attack understand. Situation rest debate herself.,Association Request,True,2025-03-26T23:24:59.143135,2025-03-05T05:56:57.610823
dac3bfef-7c94-420b-8c6d-80c51a7a970c,user-6,Laborum inventore quae molestias.,Placeat tempora sapiente laborum totam. Ab culpa exercitationem expedita enim esse. Architecto voluptatibus enim ipsum error eligendi fuga. Quam voluptas illo quia nihil sint.,System,True,2025-02-23T16:25:02.812809,2025-08-06T09:18:41.036884
16be0844-3731-4d4c-a302-9dad85cce0c2,user-44,Itaque unde consequatur nemo eaque.,Street mission fast hard service. Surface west avoid model adult after get move. Term population bring check run grow thus style.,Association Request,False,2025-03-19T06:48:44.552771,2024-10-12T00:51:15.207427
32d000f5-1505-4e85-81af-cd9ce8ba070e,user-29,Provide total message answer first.,"Tell enjoy throw seek government subject.
Course quickly audience hotel help important. Save how might let term.
Action yard body move. Line thus under example result say pressure.",System,True,2025-02-08T17:31:59.485628,2025-01-10T19:28:06.707384
c1de19cc-5708-4873-9a22-ebb2b530a602,user-20,Quaerat velit quas non id.,"Inventore dolor cupiditate eum. Odio delectus cum reiciendis aspernatur saepe natus.
Quod omnis a accusamus deserunt maxime.
Vel eaque veniam dolor incidunt placeat. Eius qui quae sequi.",System,False,2024-10-08T18:05:03.844370,2025-05-24T05:21:10.066884
96db58f5-3a8d-4da5-aabc-0bd5c03f2c67,user-28,Else interest more table southern.,"Serious set in wear speech name join life. Watch firm might employee fine stand.
On marriage small standard else interview every size. Watch player nothing crime cover example.",Association Request,False,2024-11-10T00:21:12.075445,2025-09-18T12:56:08.895819
8c759c2b-2ccf-44a5-a0c6-b8a7c62ce8e9,user-23,Lead bit difference.,"Group commercial full seat.
Be left artist player factor yet perform. Fine seven stock assume.
International reality science. Feeling ok morning total experience. Body of tax since ever college data.",System,False,2025-01-21T17:56:08.936474,2024-11-24T13:54:56.360980
2ebaf5ad-64d2-40d9-99ed-ba45abc481e5,user-76,Nisi repellat veniam a nulla nemo.,Join take look break drug trade. Rule necessary project college use speak believe.,Association Request,True,2024-11-05T01:19:31.422322,2025-03-28T02:32:19.103348
b1545960-39ae-4c4e-8799-96df2a018517,user-64,According still body employee.,"Quae voluptatibus sed quam nam. Assumenda aliquam nisi maiores. Neque saepe quas consectetur architecto.
Voluptas magnam quaerat corrupti quidem ad. Dignissimos vitae dicta vitae soluta.",Association Request,False,2025-09-16T13:01:20.862197,2025-09-19T19:44:55.054744
d32edad2-c60a-4cfd-8e94-2adfcf508b0c,user-54,We me situation enter city.,Nobis eveniet soluta consequuntur pariatur. Quibusdam minima voluptatibus aut. Adipisci nostrum dolorem. Ea commodi vero suscipit doloremque esse ullam.,System,True,2025-01-17T10:27:55.525961,2024-12-01T09:20:18.000662
7fcb7893-0032-4841-b181-4fa9c97f2288,user-99,Sapiente beatae asperiores minima officiis.,"Pick work ever exist. Very black fact. House anyone success consider summer similar value.
No couple there describe. Fill production around spring new media guess. Into alone Congress interesting.",Association Request,True,2024-12-06T03:49:42.512378,2024-10-20T06:13:26.224448
82a57485-cec7-4522-8a23-3d21ae520db2,user-21,Consequuntur vero totam officiis error.,Ad perferendis modi libero. Doloremque qui veniam dolor asperiores vitae tempora.,System,True,2025-02-09T21:55:26.968966,2025-07-11T10:35:33.728668
8f875fe9-ac7d-4d7c-94d1-738d18bd83a7,user-96,Cumque dolore necessitatibus vero.,Consectetur at sapiente porro a doloremque. Rerum quae saepe accusantium rem delectus. Esse perferendis consequatur nisi error placeat magni delectus.,Association Request,False,2024-11-22T22:42:47.017019,2025-05-28T19:57:42.310798
8b82aeaa-f300-429c-8bb3-ecbe7f5e97d8,user-59,Determine international firm north sometimes.,Themselves fact year area industry. Person visit hard sense health democratic. Should deep air three two end bank. Must door local various however become southern.,System,False,2025-04-10T02:21:18.785852,2025-04-11T06:53:15.355877
b5fdf659-3417-4bb4-8ede-b416c0f0f492,user-43,Sunt accusamus inventore consectetur.,"Determine film pass case worry. Data education election to cold everybody.
Series consumer before know southern either me. Political according draw you push. High your music.",Association Request,True,2025-02-02T04:26:11.753138,2025-07-21T01:40:33.765843
6e85edf0-19bf-4e30-8a9d-b0348e7becb5,user-39,Window himself apply civil.,"Hand quickly brother then near. Upon hotel show.
History itself could president. Yard politics use bring hit end history. Former truth within he quality.",Association Request,False,2024-12-31T01:06:47.483761,2024-12-13T17:53:40.129009
1e4288b6-2de6-47ff-90c8-fd222a9f2f85,user-61,Repudiandae libero cumque quo fugit rem.,"Dolores corporis ullam id asperiores magnam.
Aperiam dolor necessitatibus libero. Aspernatur dolores aspernatur quasi.",Association Request,False,2025-04-16T23:41:49.674425,2025-03-11T22:32:15.742121
e8cc109c-bc1d-4d38-bd76-99ac5615f11b,user-68,Expert may accept simply traditional.,Because six everybody early me. Energy can month miss low second full. Front central near away field until can state.,Association Request,False,2024-12-15T19:12:55.727816,2024-11-23T19:33:57.713935
11bb60fe-c500-49e5-94d0-f3a3d593afad,user-85,Walk religious choice.,"Scene include already edge old tend. Way on fight hour ten. Four big seek all black example me.
Him job south her agreement one. World modern should fund huge second Congress. Full pull common agent.",System,False,2024-12-13T04:22:03.912845,2025-01-26T20:29:13.624002
ab59d5e5-79ee-4a8c-98db-2153db623fce,user-94,Nisi deserunt voluptatum minima odit.,Fuga libero architecto mollitia totam dignissimos. Accusantium incidunt accusantium voluptates. Magni aspernatur neque rerum doloremque magni.,System,True,2025-02-24T19:04:13.247480,2024-10-03T11:24:01.126876
49743045-8f57-4429-9bad-8c8cda72a0c6,user-16,Occaecati eum debitis sunt id perspiciatis.,"Other nice worker structure skin fall tax. Teach ok would program.
Social edge test allow. Prevent sort build eight edge. Yet try seat health which respond big federal.",Association Request,True,2025-01-15T15:39:48.674406,2025-09-28T01:37:06.601102
2b87fadc-2281-4fd8-9670-b20cacf0d851,user-82,Much price allow until election run.,"Natus tempore et. Dicta quam voluptatum molestias delectus fugiat molestias.
Eum in in cum reprehenderit voluptatum illum. Soluta harum tenetur tenetur. Aliquam asperiores maiores debitis cupiditate.",Association Request,True,2024-11-02T04:08:30.872668,2025-04-11T21:01:37.083854
45a8002e-daa9-47df-ab7a-b367ac503cfe,user-28,Rem laboriosam earum incidunt.,"Autem reprehenderit eaque. Provident tenetur eius aut nostrum atque.
Dolor est optio perferendis. Ad illum numquam delectus. Incidunt maiores maiores quo pariatur asperiores numquam.",System,True,2025-05-22T18:27:37.103405,2025-06-26T05:03:53.700334
6f368d64-d664-4abf-806e-ac040866dea3,user-2,Ab vero hic consequatur ratione itaque ipsum.,College nice me give. Few before view as perhaps available national. Head piece million choice.,Association Request,True,2024-10-18T15:55:02.349767,2025-07-18T22:02:28.143288
85636ff3-c848-4216-b03b-13e80951284b,user-38,Drive wear meet apply various could.,"Velit recusandae vel porro officia culpa. Tenetur cupiditate eaque repellat. Delectus maiores magni eum.
Necessitatibus aperiam accusantium porro eius omnis expedita.",System,False,2025-01-11T18:12:59.294997,2024-11-10T07:27:09.374511
d104b381-c1e9-4231-8efe-6d4afe180906,user-89,Kid easy avoid.,Fugit quaerat molestias modi ea rerum sapiente. Aliquam nam ab ex illo. Itaque perspiciatis in aperiam.,System,False,2025-09-06T04:22:58.186579,2024-12-24T18:27:42.813059
be7e6928-5a57-4a55-95d8-d62bf4757d5d,user-89,Production in figure according control interesting.,Odio aut consequuntur iusto eum aperiam. Provident amet excepturi ipsam commodi aperiam ipsum. Atque ipsa dolorem sequi. Animi nisi tempora natus cupiditate cumque quod beatae.,System,True,2025-05-21T23:34:26.124743,2025-05-22T17:24:58.446407
9be16e08-df0b-416e-a9b8-f2aeca065dc9,user-74,Ab in officia sapiente.,"Side right data. Own new themselves purpose sense evidence relationship.
Firm audience know through society item.
Arrive development subject create report should.",System,True,2025-06-25T12:45:00.823253,2025-04-18T08:55:55.043655
8f8971fb-c3b9-45ad-9b35-dc2d46c64836,user-68,Doloribus sint vero consectetur iste.,"For southern forget share around. Toward around weight speak church. Effort Mrs officer yourself.
Generation offer month wide cause. Top man dark health seem. Paper my student the century.",System,False,2025-09-21T19:34:44.487868,2025-03-18T21:35:48.341862
883bd45b-bcb0-4834-9031-c6d90d403261,user-35,Five shoulder capital decision floor bag.,Sister the mother agreement spend. She become ever service public end behavior. Policy prove pick go couple kid administration. Matter cover identify return.,Association Request,False,2024-12-29T02:14:40.031285,2025-05-07T09:01:38.885761
626e9417-cbb4-48a4-8457-66c9ec5ebd24,user-51,Subject night begin.,"Along until argue seat society might.
Send worker my artist. Both grow great night nation. Business particular partner itself century.
News candidate audience begin. Social determine peace indicate.",Association Request,False,2025-09-22T15:04:34.452308,2025-08-14T04:32:36.403065
1e3b8ee3-c083-4d69-8a46-7108ba991814,user-43,Friend his score throw.,Both guy away cause can write stand. Fact information lawyer become property science white. Sometimes soon approach raise remember officer subject. Relationship phone day theory book stand thing ok.,Association Request,True,2025-01-30T01:47:58.119590,2025-08-24T10:52:32.791453
f9ce62cf-dd2e-475a-933d-8a9be5aadfc1,user-58,Pressure food attack.,Tend result side trouble commercial hard say. Anything laugh say your room view sort head.,System,False,2025-04-12T09:59:24.741378,2024-11-30T04:51:12.238896
716d8be9-357f-48b1-9059-cb8cdffae025,user-27,Quaerat totam ea dicta ipsam eaque.,"Professional will compare animal sea per. Him since body different else wrong office.
Something including consumer kid agree meet nature. Energy enjoy through student issue town.",System,True,2025-08-26T08:33:58.672179,2025-01-22T16:45:28.020519
704d7ac2-8ea3-48bd-9f0d-94f218cde05a,user-48,Aliquam maiores at porro.,Consectetur quasi sapiente tempore. Aliquam similique libero quidem voluptatibus. Non voluptatem id sapiente voluptates.,Association Request,False,2025-07-05T23:41:38.111575,2025-07-21T03:16:25.925892
d4fd41fb-1549-4b13-b6be-beb8b7be9411,user-70,Minus officiis iste libero laboriosam.,"Debate expect key manager. Upon fast whom change.
Take their close. Clear near future community. Season night career purpose buy.",Association Request,False,2025-01-07T05:32:33.711373,2025-03-24T02:21:52.992079
8cecd56c-2d19-4847-93b7-365647c1e5b3,user-6,Watch avoid involve.,"Soluta natus laborum nam aliquam odit aspernatur. Animi pariatur id voluptas earum. Ad voluptatibus perferendis sed libero.
Vel quos iusto esse. Exercitationem atque accusantium consectetur.",Association Request,False,2024-10-13T14:24:31.197187,2024-12-06T08:18:54.713171
ed4b2775-59cf-4a77-8cec-51ad44f36b9f,user-46,Ipsum saepe inventore.,You tonight official toward another appear despite. Leave coach any account. When degree fly bed finally arm social value.,Association Request,False,2025-03-16T05:51:28.002982,2025-04-10T01:45:19.786644
3c1c8475-811e-40e8-a5ba-595341b32f8d,user-58,Officiis quaerat inventore eveniet cupiditate unde.,"Velit beatae minima ad ut. Officiis esse eveniet. Officia ullam beatae nam aspernatur ipsam.
Iusto laboriosam distinctio itaque fugit quasi. Placeat illum natus. Doloremque fuga vel.",System,False,2025-01-21T12:30:09.628081,2025-09-13T17:56:24.683285
0f97b19c-463a-40db-8231-47687edeed42,user-67,Agent throughout here fast card page.,"Once free role light boy. Identify what someone fund general each. Population deal again require small.
Sport process year share view. Practice fire travel commercial boy whom site.",Association Request,False,2024-12-24T03:29:41.010039,2025-03-13T13:10:20.175291
48c48c40-7e80-4b6b-8895-1a7c1399d6a5,user-71,Rerum consequuntur impedit magni.,"Eum veritatis cupiditate molestiae corrupti repudiandae. Nobis ipsa corrupti.
Asperiores eum rerum facere quia. Nemo praesentium minima numquam. Tempore doloremque vel quas perspiciatis.",System,True,2025-09-18T20:25:43.191900,2025-02-11T23:22:06.439672
383a398c-30fc-4151-8e50-01dc8076cf57,user-14,Example fly peace performance.,"Mr understand heart. Huge value indeed soon matter consumer.
Local call now dark believe. Money personal executive kitchen.",System,True,2025-07-08T23:13:04.203608,2024-11-29T20:56:16.185563
417d09bb-055c-4305-bce2-51ab08c59beb,user-69,Head myself organization take.,"Commodi asperiores aliquam. Voluptate mollitia earum rem necessitatibus quia fugit.
Ullam nesciunt sunt odit autem totam ullam. Natus quidem quasi nihil minus. Corporis cupiditate ipsa quidem quo.",Association Request,False,2024-12-28T01:46:25.012963,2025-02-23T04:27:41.163066
019774ea-868c-4d03-9449-df7a37602421,user-75,Provident dolore doloremque veritatis.,"Magnam placeat maiores eveniet. Facere qui ea mollitia odit maxime.
Expedita sunt natus. Quaerat fugit a architecto iusto inventore consectetur. Quaerat accusamus incidunt ipsum.",Association Request,True,2024-12-09T01:02:57.007686,2025-04-27T19:38:05.409718
83ee5108-c99c-4565-9967-15284402ed22,user-27,Magazine seek space prove room.,"Both likely daughter for final.
Whole while affect organization. Ask scene soldier figure coach name Democrat. Case money small.",System,False,2025-03-01T06:39:10.347217,2025-06-02T01:16:19.117696
7d537727-b985-4d6b-9c94-2046f70803f2,user-27,Career material thank according.,"Such step especially realize west section entire doctor. Career would week last whose of factor. Fact young base would family enjoy.
Management hair federal reveal writer. Themselves their report.",Association Request,True,2025-04-25T16:28:36.032328,2025-05-22T04:32:04.465884
a325daf5-4014-4d2d-a245-ae6d7d223f2e,user-73,Station technology cell remain.,"Provide keep him example. Brother want everything civil nearly price.
Tax the central follow. Just certain go friend decade visit. Our performance only although red always.",System,False,2025-07-08T18:05:36.400729,2025-07-09T01:17:17.836394
38b92d4e-e078-4e48-b03f-8db64c6ea083,user-24,Religious truth rest someone past.,Saepe hic harum adipisci. Iusto maxime excepturi voluptates vero quis optio. Repudiandae sed harum quam vitae.,Association Request,False,2024-12-05T13:37:08.858222,2024-11-12T16:25:48.083206
9c701258-47f4-4a1a-8394-bcd02ba8d651,user-75,Marriage different bring.,Odit officiis tempore animi. Aspernatur fuga laudantium voluptatum nemo laboriosam dolores veritatis. Repudiandae quas pariatur aut.,System,False,2025-01-09T11:20:39.051311,2025-08-04T09:12:22.048537
99146708-d320-4aa6-8ae6-cbaae8943b8b,user-47,Asperiores alias asperiores maiores eius placeat.,Issue street opportunity word than newspaper. Talk once determine ball money decade project. Nor condition crime writer open.,System,False,2025-08-03T01:27:43.159329,2024-12-18T00:26:08.085365
8a73a76d-89aa-4f0c-b23a-85a84240513b,user-49,Edge pick series television.,Itaque vel officiis amet. Occaecati aperiam nulla quae mollitia velit. Fugiat eligendi porro consequatur.,System,False,2024-10-29T15:05:10.824558,2025-07-23T13:28:45.759439
7b7513d4-6626-486c-884c-843c4166f647,user-34,Quia quaerat ipsam quos excepturi.,Fugiat sit repellendus voluptas ipsum adipisci. A et tempore. Sed in dolor at. Similique eveniet provident quisquam cum eos saepe.,Association Request,False,2025-04-20T19:33:53.326175,2025-01-03T17:07:43.930906
fa751c8c-d3fc-4dc3-9788-50f32f8e05d5,user-42,Nothing institution happy note.,"Vote almost executive. More nation must. Issue he mind camera claim respond best.
Color tough manager daughter old song. Share writer from let else computer television.",System,False,2025-09-05T11:18:08.655462,2024-12-31T04:38:51.962367
b66225b9-978b-4d08-b38a-414f0f794283,user-10,Republican investment plant standard.,"Opportunity action be ball avoid. Tv write not night.
Hope military medical find hand. Local language sing front experience body. Modern former three where sure small fly.",Association Request,False,2025-02-06T15:40:10.296968,2025-08-03T01:29:55.780652
011cbc03-379c-4fff-bb1b-efeaf2a46d5f,user-71,Laudantium aliquam assumenda harum quisquam dolor.,"Development fight begin close church. Type society south amount.
Interest store thank tax always. Contain bank traditional cold news unit. Series line seek.",System,False,2025-03-14T15:43:35.378811,2025-03-05T22:25:46.361936
d950d8a5-ac47-4720-8757-7e399c2e8f3e,user-17,Remember eat arrive wish brother garden.,Autem sapiente natus architecto aspernatur ipsa. Consequuntur minima molestiae hic excepturi asperiores amet.,System,True,2025-04-04T19:42:58.598420,2024-11-07T14:35:10.054937
04eb2bf9-98e7-4a50-b5fc-09fd2f0dd8c9,user-1,Inventore ipsam sequi.,"Half customer attorney imagine forget. Talk charge measure media behind. Grow cost significant director everyone meet race.
Assume leg down month. Sell than believe why tend south.",Association Request,True,2025-07-20T08:51:06.821331,2025-05-17T08:38:56.704576
d6499bb5-285c-4c63-9dfd-3ce671476a1c,user-63,Vel soluta quae eos occaecati modi.,Remember wait interesting decide feel investment choose if. Want street activity paper.,System,True,2025-08-30T08:17:18.083884,2025-05-07T23:17:57.961025
1b371ec8-1596-4234-be3d-75115ee60713,user-70,Thought work food not forward room.,Reprehenderit eligendi ab. Quaerat quaerat autem voluptas.,System,False,2025-09-29T13:11:53.017153,2025-04-02T18:13:53.778129
622a6b9d-29b3-4dc0-949d-01439acba2c2,user-72,Dignissimos reiciendis minus.,Finally wide fund under occur. Media necessary visit term decision system. Project lose building agency.,Association Request,False,2025-09-07T22:03:32.261627,2025-02-24T01:17:07.551917
01c6c9fd-08aa-448d-9dc6-26144818eeac,user-28,Against yes number positive.,Station partner summer he toward management. Establish across station. Often east recent education type throughout.,System,False,2025-06-22T17:17:07.023615,2025-09-24T14:39:39.194027
db3bae32-0284-47b1-89f8-51a24332bd91,user-89,Score quality work present yard.,"Course author western question. Authority must lead.
Describe sure some college power pretty face. Every type necessary quality trial. Majority paper stuff financial which.",Association Request,True,2025-06-29T14:41:47.651052,2025-06-18T20:19:03.950488
071875dd-e3ae-4296-95dd-375efaa913c8,user-48,Event night maybe little.,"Deleniti fuga laborum debitis omnis. Illo est minima et sed quibusdam.
Ducimus omnis omnis odio. Amet amet et. Expedita neque tenetur ex.",Association Request,False,2025-04-11T14:37:22.848780,2025-01-14T18:28:49.223295
7cae7d34-4968-4d31-82ce-033e5560e9b7,user-94,Assumenda assumenda delectus qui.,Porro reprehenderit atque nesciunt laudantium. Quos eum ratione vel rerum voluptatum. Eum voluptatum velit ea.,System,True,2025-03-25T14:00:09.260437,2025-05-22T20:07:04.264783
7a6f87e0-ccfd-48ac-a9d4-8380f1d3b11b,user-78,Autem iusto eum esse voluptate deleniti.,Thing behind institution positive break evidence. Can offer nearly hair recent total. Happen write green night boy beautiful. Its that state also agency star.,System,True,2025-01-12T20:03:46.612659,2025-09-17T11:46:23.981370
105878ea-b08b-4298-91ba-8deb54627816,user-43,Keep until model listen both.,Provident consequuntur culpa itaque dolorum molestias officia. Omnis possimus iure ab eius recusandae repudiandae occaecati. Soluta autem porro fuga quia maiores.,Association Request,True,2025-05-04T17:16:25.395413,2024-10-23T18:54:26.324080
21161d6b-477d-4e39-af10-f8008e1aa319,user-90,Everybody issue add page total floor.,"Stop picture future many city lawyer. Gun what several garden improve.
Foot door front. Arrive accept truth degree big.
Career economic hour threat. List majority raise able get.",System,False,2025-07-06T01:31:12.801024,2025-09-07T19:07:27.088960
0fcd7b67-01df-4f6e-b90c-4f85d8bf223a,user-61,Accusamus porro quidem.,"Everything buy might hotel. Tough human attack maintain crime true would crime.
Could fear no follow movie possible evening. The arm important item while media.",System,True,2025-08-12T16:45:31.708863,2025-02-23T11:10:06.012391
0c56a08c-ad89-4ccb-a929-24ba1a012722,user-31,Rerum excepturi illum voluptatum.,Similique provident sed ea distinctio reprehenderit. Excepturi tenetur inventore alias ex alias.,Association Request,True,2025-03-27T15:18:20.075149,2025-03-20T00:40:41.242551
123cb794-9faa-47ce-a886-570df07ca9cd,user-85,Every interview eat manage artist staff.,Dream very few name. Much until successful use positive health instead. Generation half financial no focus.,System,False,2024-10-29T22:13:12.645620,2025-03-01T19:18:33.680961
dfb81142-c987-47ed-9dd3-e6f068a95838,user-24,Occur always official.,"Former animal society campaign.
Weight door manage tax. Significant sea lot first at.
Friend recognize some view. Son movie attorney state reality serious. Be team fire cause make help.",Association Request,True,2025-04-27T21:53:27.435083,2024-10-15T21:13:33.782543
bafdfdf8-6b98-4039-9ad9-c94ce3e1fa4e,user-11,Error quasi architecto quas.,Radio wait only second radio art. Continue seven on store us. Clearly behind particular study yard picture.,System,True,2025-09-28T02:03:05.443820,2024-12-23T02:16:46.955295
8a86ce71-4f5b-4517-8c2a-aa3fa393301d,user-57,Labore adipisci cumque.,"Hand value result memory. Whole wait many drive senior.
Step heart charge bed available who trial. Poor goal wrong trip.",Association Request,True,2025-05-31T09:00:55.955981,2025-04-11T17:11:34.938762
85ac90e7-aa00-481b-a35c-411f0db1e7bf,user-30,Dolore sint et.,"Open small bill last. Add election hope reality deep.
Run government benefit. Significant place commercial science.",Association Request,True,2025-06-13T01:24:03.366001,2025-06-10T12:18:07.275340
1faaffa4-a9a2-4b7b-b5c1-bb0917579bb3,user-35,Central continue threat bill recent indeed.,Machine rest other marriage. Before base affect behavior picture tree. Issue star baby while create necessary too. Area study when address society.,System,False,2025-07-18T21:53:49.304522,2025-07-30T08:11:51.424574
246897d5-ca36-40ac-99d9-6ac52e6bcedc,user-82,Cover task sort other democratic mind.,"Defense easy during only three. Respond tell this evening.
Animal space probably quality yard. Son take year center quickly.",System,True,2024-10-03T06:39:26.733646,2024-11-15T18:54:57.733176
a8274bd0-2b5b-41e9-86b7-c898c99e5407,user-73,Pariatur eveniet architecto.,Voluptatem doloribus culpa. Tenetur atque totam doloribus optio nostrum eveniet. Facere expedita reprehenderit.,System,True,2024-12-12T00:15:13.880833,2025-09-27T14:14:02.745186
d51cb343-e206-4760-ba4d-5822226918e4,user-29,Eligendi explicabo veritatis.,Maiores dolorem quae exercitationem enim eligendi est. Nulla a aspernatur delectus deleniti.,Association Request,False,2025-03-04T16:26:57.187971,2025-01-13T04:18:57.758561
857fb3c0-3717-4dea-b6f3-7fb02a595a68,user-1,Place hit anyone apply rich.,"Corporis provident itaque aperiam veniam labore. Ipsa dolore ipsum.
Fuga praesentium delectus libero possimus tempora reiciendis quia. Ut tempore dolore commodi.",Association Request,True,2025-05-12T17:19:45.960425,2025-06-17T22:13:16.125959
e17c4c68-82ed-4983-b089-ba55c6b31b26,user-11,Facere reprehenderit veritatis deserunt.,Et similique corrupti rerum eum ullam. Delectus quasi cum repellat. Corporis officia ad ratione molestiae architecto error.,Association Request,True,2024-12-08T00:37:24.806173,2025-08-26T20:17:57.014274
352058fb-23e7-40d9-81b0-666474ffd162,user-98,Not traditional heart.,"Purpose now recognize. Win positive report nearly major local need never. Law through know while.
Building say citizen strong indicate she. Red cold PM difficult phone during local discussion.",System,True,2025-09-02T15:42:32.612617,2024-10-12T21:12:46.928001
25794392-cff0-40ef-9a23-fe9c3a6d047b,user-4,Yet citizen raise very.,Aliquam nobis a saepe. Repellendus deleniti delectus beatae dolorum. Sapiente molestiae soluta repudiandae vitae fuga ipsa.,Association Request,True,2025-09-30T17:22:21.321419,2024-11-21T11:20:19.655180
bb791380-9c67-4b87-b255-d673042cbb4a,user-57,Wear reduce address.,"Sint sed laboriosam nesciunt harum. Accusantium accusamus consequatur nulla.
Doloribus at eveniet id pariatur maxime.",Association Request,True,2025-01-10T01:58:56.227063,2024-11-25T20:16:57.915622
a210e0d3-55e4-44ee-ba16-a1199f0daf97,user-86,Make beautiful look.,"Reveal design network weight bed be environment. Around fight use successful.
Though bring baby despite. Since others sort new law. Walk exactly speech suggest drop direction report.",System,True,2025-08-15T08:41:32.265726,2024-11-15T09:10:23.460055
66328274-1c6a-4cd2-a54f-1be574264a88,user-65,Quite with star including someone.,"Esse neque laudantium ipsa optio. Eligendi itaque repudiandae minus exercitationem animi cum.
Officia vel quaerat iure autem itaque. Eius distinctio beatae. Sapiente nulla sint officiis ex impedit.",Association Request,False,2024-10-22T01:49:56.039022,2024-12-15T09:52:00.913732
82a1e38b-ac8d-41b6-a38b-70faa942127c,user-96,West painting region under buy.,"Cover tell machine Mrs. Short them general ahead these.
Capital detail beautiful physical. Car leader right purpose discuss indicate actually policy.",System,True,2024-12-16T18:12:44.463539,2024-11-04T19:36:10.255650
71b8df24-e4b5-4f1e-b43c-8958a4a1a127,user-64,Safe page meet teacher test recently.,"Sit itaque dolore molestias tempora excepturi. Accusamus sunt impedit quae.
Corporis unde culpa ea voluptatem eaque debitis. Occaecati nesciunt aut excepturi incidunt eos eaque.",System,False,2024-12-03T22:45:35.029869,2024-11-18T16:36:25.698381
facb8b62-b4a0-4e2e-a1d2-1a117e8c006c,user-96,Ducimus saepe doloribus animi velit et.,Maiores at fugiat consequatur itaque totam. Officiis vero rerum vero ut. Non voluptatibus deserunt facilis.,System,True,2025-08-30T08:48:46.263753,2025-06-16T07:25:01.172561
71ef622a-8020-4830-8fe2-abbdfb08659e,user-96,A nemo nemo consectetur sunt.,"Each father phone investment. Alone difficult necessary effort.
Key middle pick product. To technology officer the sit physical think produce. Everyone note yourself.",Association Request,False,2025-02-27T18:11:55.146903,2024-11-11T02:09:24.639546
d1a32b25-7a78-43f1-8973-1cab0dc736c1,user-76,Huge record party alone yet loss.,Dream speech court chance economic religious outside. Far else wrong suddenly participant. Together remember recognize wish across against.,System,True,2025-08-26T22:01:22.224687,2025-09-07T14:24:52.383509
6b127045-b7f4-4378-81e3-1133e8137205,user-9,Aperiam possimus explicabo autem repellat.,Quis eos quis commodi dolorum ab velit. Dicta distinctio incidunt similique debitis ea soluta nihil. Architecto ex quod modi asperiores. Nisi fugiat nisi soluta.,System,False,2025-05-03T00:20:52.632213,2024-11-25T17:01:35.044239
adcc4347-b7f9-4e40-9a55-b9aa109eb296,user-14,Small have cup matter share.,"Which along mission case herself trial manager believe. Reveal reduce leave federal since.
Shake nothing major discussion significant poor.
Staff however common forget. To when radio guess value.",Association Request,True,2025-03-12T16:58:21.233752,2025-05-06T14:37:38.830532
8802de4e-bc1e-48ee-88d7-1a351ac55244,user-64,Box firm play election break.,Respond increase young hand yeah ask ready. Interview matter often social.,System,True,2024-11-16T13:45:10.263226,2025-04-05T02:04:58.524494
cdb5d8ca-7d49-4b86-95ae-053a7c091db2,user-43,Nesciunt beatae deleniti nihil rerum expedita.,"Television small group more pick. Development project author region security.
Story eat structure night pick green response. Effect no skill current.",System,True,2024-12-05T20:11:19.526947,2025-05-07T11:44:26.771556
8b1bdeca-8757-42bb-98ec-c19ea8188774,user-60,Will stand movie house.,"Quasi ducimus fugiat ab eaque non eaque. Saepe necessitatibus ad minima provident.
Exercitationem totam soluta tenetur nisi quis itaque. Eos aut adipisci.",System,False,2024-10-20T11:24:13.066395,2025-01-17T15:27:24.579787
46c35475-6c88-4c74-8fb8-74d7d148c8c8,user-2,Atque architecto iste amet voluptates consectetur.,"Buy design leg according. General eat line office popular church.
Parent garden with write that community itself. Truth collection most human ever peace.",System,True,2025-01-31T00:37:12.684280,2024-10-22T22:50:16.367387
2773bfee-7c0e-4636-845f-3bdf65b78532,user-84,Magnam vel nostrum ipsum eum officia.,"Center push similar senior parent whole provide. Energy old investment her audience trouble case.
Truth blue finally simple authority no city. Difference occur sell pattern.",Association Request,True,2024-10-14T17:08:20.096083,2025-07-26T11:19:44.220318
0fa739a4-48b0-4837-a147-b5f323734e2c,user-26,Speech gun agent hold.,Suscipit deleniti distinctio dicta quo minima commodi facilis. Dignissimos pariatur voluptates ducimus aperiam.,System,True,2025-07-30T23:54:44.050542,2025-08-22T10:20:39.909381
b236ce6b-2416-45e1-ad3e-ae080cb135af,user-62,Quae soluta sapiente debitis cumque.,"Quibusdam nisi quod.
Necessitatibus voluptatum at quaerat reiciendis repellat. Minus eius nam. Tempora enim laboriosam ut voluptate.",Association Request,True,2024-12-08T10:43:34.237408,2025-04-10T06:38:18.597869
123fc2f4-5b3c-4cd0-a5d7-14961c960010,user-83,Dinner since over.,"Facilis alias aspernatur exercitationem. Quibusdam architecto laborum dicta amet cum quae. Fugit vel laborum ducimus.
Assumenda consequuntur ipsam officiis repellat molestiae blanditiis.",System,True,2025-07-11T19:18:25.840069,2025-07-20T12:16:17.269714
e2f6906b-c762-489c-84ff-344d4ae5b0e7,user-12,Why true back high scene.,Growth blue production color agree write finish. Country that pattern into language table case. Minute class blue why garden politics while. Actually these blue fine help.,System,False,2024-12-31T21:16:51.680724,2025-06-27T23:01:04.532007
a9d52489-848e-4ee2-bf18-79f68511ce05,user-6,Porro eum dolorum atque.,College campaign also student probably our issue. Help cell develop view. Seven network per stop.,System,True,2024-12-19T23:15:09.363618,2025-08-21T09:31:36.314922
68e225ba-e1d5-48f4-9c9e-b1e4e9bae3b4,user-44,Odit soluta occaecati excepturi.,"Although seek always picture within scientist there.
Mrs reflect sound least would. Single her front between. Soon election real worker.",System,True,2024-12-14T12:19:27.929481,2025-01-10T05:10:19.550824
018f7b5a-faf8-4d2e-a1ab-8a387960b9e4,user-58,Face task meeting.,"Architecto harum voluptas quia. Quam atque nihil distinctio modi inventore. Expedita earum cumque eum labore illum quod.
Laudantium nesciunt saepe ab deserunt. Quisquam iste facere fugit et.",System,False,2024-12-14T19:07:44.044253,2025-08-27T08:02:56.801218
be6c8bbf-04ab-4103-b33f-2efc3f87d4a3,user-90,Full feeling thus game nor nearly.,Officiis a perspiciatis doloribus ex odit. Consequatur officiis nemo eos. Ducimus officia culpa fugiat.,Association Request,True,2025-07-04T16:25:20.714648,2025-04-11T20:36:51.615390
44e072f8-92f7-4095-978a-775ea8df35e9,user-59,Neque doloremque inventore.,Accusamus sit laborum nesciunt in. Rerum vitae ut nobis vitae eum.,System,False,2025-07-11T20:48:10.034653,2025-08-20T10:15:39.124045
7f1eb334-952e-444b-9df5-7beea2633bfa,user-86,Final give support around special glass.,"Laboriosam dolorum laudantium vero voluptates qui nisi. Aliquam officiis iste.
Nostrum perspiciatis doloremque quos molestiae repudiandae labore. Sequi repellendus reiciendis explicabo architecto.",System,True,2025-06-08T14:39:31.504884,2025-02-11T00:26:34.289207
82c590ba-374d-4f96-83a2-b164088a834a,user-17,Low born official billion assume main.,"Nihil incidunt dolor amet culpa. Aspernatur reiciendis blanditiis temporibus numquam distinctio.
Earum optio accusantium similique maxime reprehenderit facere.",Association Request,False,2024-12-24T13:32:42.657171,2025-06-08T17:12:52.764575
fddc9cce-1059-4e47-babb-9b2c242dddf2,user-99,Fugit vitae soluta illum.,"Voluptatum illo adipisci. Id maiores est blanditiis culpa eius illum.
Inventore quas quis veniam ex.",System,True,2025-04-18T05:51:44.645487,2025-06-16T18:48:14.759939
24cdc7dc-6503-4087-b41d-76f984d7f46a,user-86,Learn Mr than popular rate.,Error vitae corrupti pariatur nemo provident incidunt. Similique vel minima facilis. Tenetur atque expedita.,Association Request,False,2025-06-05T22:09:22.818708,2025-09-11T10:15:22.933637
bcbfa273-1157-48d9-90ef-b056f46c66d4,user-76,Expedita corporis saepe possimus soluta illum.,"Voluptas libero optio blanditiis error. Cupiditate nam reiciendis temporibus est labore eligendi.
Error fugiat modi voluptates ducimus natus. Quo nesciunt saepe commodi.",System,False,2025-03-06T00:05:36.875743,2024-11-04T21:06:00.965021
3649e8b4-5ff1-48e9-96d8-62db91097411,user-82,Wonder test who maybe.,"Level control force government body myself whether. Gas there create.
Remain catch building raise trip. Bill American stand.",System,False,2024-11-27T07:42:56.377576,2025-07-20T23:15:55.288843
84ccd15e-0a9e-49c1-8a44-b88f060c6fdd,user-39,Politics ability share federal phone nothing.,By magazine today discussion.,Association Request,False,2025-03-16T10:51:37.453510,2025-03-26T08:09:20.726884
a7fb3423-425d-45a9-9305-f2b8206579c8,user-3,Sequi pariatur quo praesentium voluptatum.,Eaque accusamus quibusdam expedita esse ad numquam. Commodi officia alias et. Maiores sequi minus officiis fugiat amet.,System,True,2024-10-20T17:55:20.058279,2025-03-05T21:34:02.540290
b4cd59b0-b6aa-4627-a0fa-289f9fe73ab5,user-97,Autem sit eveniet.,"Amount agreement agent scientist nothing forward. Hundred class stand bed recently certainly.
Open black know business low more. Near eye staff age responsibility.",Association Request,False,2025-03-15T14:14:04.387240,2025-07-12T15:45:03.546577
d3c2ac94-d946-48ec-9090-4f6fc92458bb,user-80,Quia quibusdam laboriosam.,"Nostrum earum quo harum magnam qui eaque. Ad cupiditate rem ipsa.
Beatae saepe aliquam cupiditate hic. Suscipit harum recusandae veritatis ex libero totam. In rem veritatis tempore maxime.",System,False,2025-09-19T17:50:00.535790,2025-01-23T19:41:30.358946
2d609061-ebd7-4a70-9fed-5742a5c35f77,user-52,Girl cell smile.,Program effect travel forget true. Enter improve support project from TV radio government.,Association Request,True,2025-03-12T20:11:10.641827,2025-03-11T13:26:11.884616
73cead92-a9d8-4b25-826c-838e260de092,user-35,Eligendi nostrum tenetur cum quas esse.,Odio dolorem tempora voluptates voluptates minima rerum. Modi repellendus magni dignissimos quasi. Soluta ipsam magnam quia perspiciatis debitis natus.,Association Request,False,2024-11-06T22:20:38.745229,2025-08-02T15:13:48.875162
55f8db58-f678-499b-b60f-800b217d0fd1,user-72,Modi quia perferendis quia quisquam.,"Son political large toward meet.
Believe international peace whose voice.
Moment recognize yes would training much design. Picture center hit anything institution.",Association Request,False,2025-04-07T22:22:39.320992,2025-04-30T02:20:12.216794
3e09642f-0d71-45c8-95d5-c180a87a1fcb,user-24,Quae labore labore officia.,"You method because century. Week mind join brother which.
Under mother red should. Window gas none leg bring. Guy really as movement sport activity per.",Association Request,True,2024-12-10T11:00:52.216902,2025-06-25T20:15:45.245408
316f4372-e7b0-44cb-a522-d9f4feacb3bd,user-99,Iste enim enim officiis exercitationem.,Need traditional record meeting despite. Might quality carry coach. Town usually opportunity civil four my explain federal. Allow TV raise someone.,Association Request,False,2024-10-14T08:46:43.485733,2025-06-19T03:19:24.810684
af4dd1df-6ea7-4a7f-8adf-b76023e1b875,user-55,Opportunity decision water apply.,Race fund tree against reflect early. Computer future certain huge sit year just. Man various yes.,System,True,2025-02-21T20:10:43.849616,2024-12-28T16:36:21.500716
03a266e6-b037-49a7-bfe5-73083882d275,user-23,Totam dolorum atque distinctio.,Distinctio aliquid laborum facere sequi mollitia. Alias error dignissimos repellat. Ipsa reiciendis suscipit possimus nemo.,Association Request,True,2025-02-12T22:11:18.518447,2024-12-16T00:04:04.305094
49c73c39-e71f-4ca4-8a09-0b3d1b015906,user-65,Nulla animi quod maxime vel distinctio.,Available commercial common kid. Interview partner common writer dark stock admit TV. Box say its white.,Association Request,False,2025-06-28T03:32:47.339059,2024-11-04T09:38:02.205904
6957e6fb-c411-4045-9d28-5a407736d196,user-85,Laboriosam non magni.,"Deleniti aspernatur voluptate veritatis debitis. A non iste excepturi sequi totam.
Itaque harum voluptatibus placeat inventore ratione natus.",System,True,2025-07-09T22:34:21.988763,2025-04-14T13:45:24.438019
fc8a6966-c942-44aa-970b-f60f397fd0fd,user-98,Iure quam aperiam facere inventore.,Officiis quasi nam aspernatur ipsum. In aspernatur deserunt nam tenetur fuga distinctio.,Association Request,True,2025-07-14T00:09:58.268870,2025-01-12T04:31:55.554752
d0c21ad8-ac26-4cd6-a1a5-f153d7225c0b,user-85,Ipsam atque ipsa voluptatum.,Nostrum reiciendis dolor maxime doloribus doloribus. Odit excepturi eos eveniet rem placeat. Vitae necessitatibus doloremque soluta neque aspernatur.,System,True,2025-01-26T06:21:10.695083,2025-04-15T07:54:58.427425
277a7b5b-9021-477f-872d-f0fc35d9b967,user-13,Aliquid laborum sunt id.,Many figure perhaps manage method. Nice possible type from box pressure none. Seem sign popular late conference party billion condition. Spring indicate since should market time.,System,False,2025-09-14T06:28:00.646376,2025-04-09T12:29:35.787017
d19a681f-de4e-451d-8150-76057bc0cc25,user-11,Fuga esse maxime eaque accusantium.,Delectus rem laborum quae deleniti fugiat. Deleniti minima excepturi perspiciatis excepturi molestiae. Inventore voluptates qui soluta fugiat similique odit.,System,True,2025-08-08T01:40:22.420079,2025-06-17T09:24:37.024176
95302b69-b687-4c80-96cc-4cb132f69f75,user-93,Official image treatment.,Totam aspernatur accusantium consectetur aut similique nostrum placeat. Dolorum dolore aspernatur consectetur impedit tempora nulla.,System,False,2025-04-24T17:54:07.699144,2024-12-11T09:05:24.298124
4bc8688e-49ba-4b88-8536-2e3c662443e2,user-93,Maybe step turn.,"Task system card old age. Act mean responsibility growth dinner behind.
Social increase phone realize travel office its. Majority quality however them.",System,False,2025-09-16T04:49:26.843004,2024-11-06T18:09:40.660766
f6b0ae7d-735c-4808-a1ac-9d96b7a5eb98,user-27,Ducimus autem ipsam beatae.,Nihil dolorum officia magnam eveniet saepe. Repellat impedit quos doloribus sint nemo placeat maiores. Commodi in delectus asperiores ullam rerum occaecati.,System,False,2025-05-20T01:35:14.931288,2025-07-01T18:20:21.414450
85ddc5aa-de7c-4ee4-9ca6-593a40fe9ef2,user-73,Evidence very give former performance some.,"Mollitia aliquid optio officiis nobis repellat doloremque. Laudantium expedita commodi dolore voluptatibus.
Debitis quia dicta reiciendis pariatur excepturi quam dignissimos.",System,False,2025-01-18T01:04:20.984625,2025-04-27T09:14:05.371448
bb8996c2-7538-4bd5-9f21-58df4bd920b4,user-32,Toward create offer make.,"Forward create college. Value physical sing follow.
Skill information generation century environmental us.
Prepare type less.",Association Request,False,2024-11-12T12:48:17.456357,2024-10-27T16:00:19.570081
5c2ccf0d-45ca-4f20-92a5-c29b47cfb401,user-35,Eum impedit numquam natus.,Accusantium aperiam sit rem. Repellendus rem fuga voluptate soluta perferendis.,System,True,2025-04-08T16:45:59.707978,2025-03-19T10:30:53.861097
60fad9b5-3c35-44ad-9a2c-93b5e3f10b48,user-66,Manage bad professor right.,Run whatever strong us fact. Firm simple edge wear discover build modern.,Association Request,False,2025-07-17T12:03:24.323861,2025-03-28T03:36:25.703819
b1065bf7-a7d9-44ff-8323-c75a7147592d,user-32,Through anyone already hit.,Hour indicate animal red force. Adult his news manage quite sense. Once who audience central agent decide. Move old draw behavior go commercial.,System,False,2025-09-13T14:55:57.213164,2024-11-29T21:28:29.212937
